<beans xmlns="http://www.springframework.org/schema/beans"  
    xmlns:xsi="http://www.w3.org/2001/XMLSchema-instance"  
    xmlns:jaxws="http://cxf.apache.org/jaxws"  
    xmlns:cxf="http://cxf.apache.org/core"  
    xmlns:http="http://cxf.apache.org/transports/http/configuration"  
    xsi:schemaLocation="   
http://cxf.apache.org/transports/http/configuration http://cxf.apache.org/schemas/configuration/http-conf.xsd   
http://cxf.apache.org/core http://cxf.apache.org/schemas/core.xsd   
http://www.springframework.org/schema/beans http://www.springframework.org/schema/beans/spring-beans.xsd   
http://cxf.apache.org/jaxws http://cxf.apache.org/schemas/jaxws.xsd">  

<cxf:bus>  
    <cxf:inInterceptors>  
        <ref bean="logInbound" />  
    </cxf:inInterceptors>  
    <cxf:outInterceptors>  
        <ref bean="logOutbound" />  
         <bean class="com.mincom.ews.client.connectivity.WSSecurityClientOutboundInterceptor">  
           <constructor-arg>  
             <map>  
               <entry key="action" value="Signature UsernameToken"/>  
               <entry key="passwordType" value="PasswordText"/>  
               <entry key="signaturePropFile" value="META-INF/outsecurity_enc.properties" />  
               <entry key="encryptionPropFile" value="META-INF/outsecurity_enc.properties"/>  
               <entry key="passwordCallbackClass" value="com.mincom.ews.client.connectivity.PasswordCallbackHandler"/>  
               <entry key="user" value="alias"/>  
             </map>  
           </constructor-arg>  
         </bean>  
        <ref bean="saajOutInterceptor" />  
        <ref bean="wss4jOutInterceptor" />  
    </cxf:outInterceptors>  
    <cxf:outFaultInterceptors>  
        <ref bean="logOutbound" />  
    </cxf:outFaultInterceptors>  
</cxf:bus>
</beans>
